id,name,sku,categories,fulfillment,source,cost,margin_pct,price,stock_qty,sizes,size_prices,image,description,featured,active,kits,colors,logo,supplier_sku
P001,Absolute H2Orange2 112 Concentrate (Case of 2 Half-Gallons),A-112-02H,EnvirOx; Floor Cleaners; New Building Items; Chemicals,Warehouse,EnvirOx,88.79,33%,133.26,46,,,https://s3.amazonaws.com/cart2order/uploads/65/products/2367/1701707851227.png,"EPA-registered concentrate that replaces 95% of your cleaning chemicals. One case makes 512 mop buckets or 2,000+ spray bottles. Cleans, degreases, and sanitizes glass, floors, restrooms, and carpet with hydrogen peroxide and orange oil.",1,1,,,,
P002,H2Orange2 Green Spray Bottle w/ Trigger,8-550,EnvirOx,Warehouse,EnvirOx,2.60,56.67%,6.00,45,,,https://d3gygecnvdjq5h.cloudfront.net/userfiles/products/images/websites/b2bseller/customer/braind/images/items/8-550.jpg,"32oz color-coded spray bottle with trigger for light duty H2Orange2 dilution. Green = light duty for glass, mirrors, and everyday surfaces.",1,1,,,,
P003,H2Orange2 Red Spray Bottle w/ Trigger,890109,EnvirOx,Warehouse,EnvirOx,2.60,56.67%,6.00,50,,,https://d3gygecnvdjq5h.cloudfront.net/userfiles/products/images/websites/b2bseller/customer/braind/images/items/288-552.jpg,"32oz color-coded spray bottle with trigger for heavy duty H2Orange2 dilution. Red = heavy duty for restrooms, degreasing, and tough jobs.",1,1,,,,
P004,OxiGenesis Disinfectant RTU 32oz,122-06Q,EnvirOx; Chemicals; New Building Items,Warehouse,EnvirOx,5.16,57%,12.00,12,,,https://s3.amazonaws.com/cart2order/uploads/65/products/2371/1701710272232.png,"Ready-to-use disinfectant that requires no PPE. Kills bacteria and viruses in minutes, leaves zero residue, and even works on glass. EPA DfE certified.",1,1,,,,
P005,Mineral Shock Hard Water & Scum Remover RTU,138-12Q,EnvirOx; Chemicals; New Building Items,Warehouse,EnvirOx,13.64,41%,23.12,18,,,https://s3.amazonaws.com/cart2order/uploads/65/products/2396/1701968613978.png,"Ready-to-use acid replacement for hard water, rust, lime, soap scum, and urine salts without harsh fumes. Safe on skin, biodegradable, EcoLogo certified.",1,1,office:core:1; medical:core:1; school:core:1; industrial:opt:1; gmp:opt:1,,,
P006,"60"" Fiberglass Mop Handle w/ Plastic Grip, Yellow",KL-650151,New Building Items; Mopping,Supplier Order,Brady,14.63,35%,22.51,,,,https://assets-e518d5c0cd.cdn.insitecloud.net/2836f3eac1ca0e7_md.jpg,Lightweight fiberglass handle that will not rust or corrode. Standard threaded connection fits most wet mop heads.,0,1,office:core:1; school:core:1; industrial:core:1; gmp:core:1,,,
P007,"Microfiber Tube Wet Mop, Green Large (500g)",MD9002,New Building Items; Mopping,Supplier Order,Brady,12.99,35%,19.98,,,,https://d3gygecnvdjq5h.cloudfront.net/userfiles/products/images/websites/b2bseller/customer/braind/images/items/a10103.jpg,Large microfiber mop that lasts 5x longer than string mops. Washable hundreds of times. Green color for area coding.,0,1,industrial:core:1,,,
P008,"Microfiber Tube Mop Head, Blue 18oz",KL-652162,New Building Items; Mopping,Supplier Order,Brady,14.68,35%,22.58,,,,https://assets-e518d5c0cd.cdn.insitecloud.net/8b4f1e58c1b1f06_md.jpg,"18oz microfiber mop head with 5-inch mesh scrubbing headband. Lint-free, far more absorbent than cotton. Blue for area coding.",0,1,office:core:1; school:core:1; gmp:core:1,,,
P009,"HYGEN Quick-Connect Mop Handle 58"", Aluminum Yellow",MD3154,New Building Items; Mopping,Supplier Order,Brady,9.01,35%,13.86,,,,https://d3gygecnvdjq5h.cloudfront.net/userfiles/products/images/websites/b2bseller/customer/braind/images/items/md3154.jpg,Lightweight aluminum handle with quick-connect for fast mop head changes. Works with all HYGEN quick-connect heads and frames.,0,1,,,,
P010,"HYGEN Q560 Quick-Connect Wet/Dry Mop Frame, 17 in",MD3018,New Building Items; Mopping,Supplier Order,Brady,19.98,35%,30.74,,,,https://d3gygecnvdjq5h.cloudfront.net/userfiles/products/images/websites/b2bseller/customer/braind/images/items/md3018.jpg,"Rubbermaid HYGEN Q560 quick-connect frame that takes 17 to 18 inch microfiber wet or dry pads. Pairs with the 58 in quick-connect handle. This is the frame only, not a complete spray mop system.",0,1,medical:opt:1; industrial:opt:1; gmp:opt:1,,,
P011,"18"" Microfiber Mop Pad, Blue",MD2618,New Building Items; Mopping,Supplier Order,Brady,11.84,35%,18.22,,,,https://d3gygecnvdjq5h.cloudfront.net/userfiles/products/images/websites/b2bseller/customer/braind/images/items/md2618.jpg,18-inch microfiber wet mop pad with serged edges that will not unravel. Washable hundreds of times.,0,1,,,,
P012,Impact Toilet Cone Mop w/ Plastic Handle,AA9103,New Building Items,Supplier Order,Brady,1.81,35%,2.78,,,,https://d3gygecnvdjq5h.cloudfront.net/userfiles/products/images/websites/b2bseller/customer/braind/images/items/aa9103.jpg,Bowl mop for toilets and urinals. Squeeze cone removes excess water. Acid-resistant strands reach under the rim.,0,1,office:core:2; medical:core:2; school:core:2; gmp:opt:1,,,
P013,ACS #19 Angle Broom w/ Metal Handle,AD0852,New Building Items,Supplier Order,Brady,5.98,35%,9.20,,,,https://assets-e518d5c0cd.cdn.insitecloud.net/4ae935b99714012_md.jpg,"Angle broom for corners and tight spaces. Flagged bristles trap fine dust. 12-inch angled head, sturdy metal handle.",0,1,office:core:1; medical:core:1; school:core:1; industrial:core:1; gmp:core:1,,,
P014,"Rubbermaid Heavy-Duty Dust Pan, Charcoal",AH9100,New Building Items,Supplier Order,Brady,3.84,35%,5.91,,,,https://d3gygecnvdjq5h.cloudfront.net/userfiles/products/images/websites/b2bseller/customer/braind/images/items/ah9100.png,Commercial-grade dust pan with 12.25-inch tapered opening and extra-large capacity. Will not rust or crack.,0,1,office:core:1; medical:core:1; school:core:1; industrial:core:1; gmp:core:1,,,
P015,"BRUTE 44 Gallon Trash Container, Black",RA2644,New Building Items,Supplier Order,Brady,47.80,35%,73.54,,,,https://d3gygecnvdjq5h.cloudfront.net/userfiles/products/images/websites/b2bseller/customer/braind/images/items/ra2644.jpg,44-gallon commercial can with venting channels that make full bags 50% easier to pull. Built-in bag clips. Lasts for years.,0,1,industrial:core:1; office:opt:1,,,
P016,"BRUTE Dolly, Black",RB0100,New Building Items,Supplier Order,Brady,45.52,35%,70.03,,,,https://d3gygecnvdjq5h.cloudfront.net/userfiles/products/images/websites/b2bseller/customer/braind/images/items/rb0100.jpg,Heavy-duty twist-lock dolly for 20 to 55-gallon BRUTE cans. Holds 250 lbs on five non-marking casters.,0,1,industrial:core:1,,,
P017,"16x16 Microfiber Cloth, Yellow (Qty 12)",KL-770403,New Building Items,Supplier Order,Brady,8.59,35%,13.22,,,,https://assets-e518d5c0cd.cdn.insitecloud.net/9aa8b8b9a813591_md.jpg,Reusable 16x16 microfiber cloths. Hold 7x their weight in liquid. Yellow for task coding to prevent cross-contamination. Pack of 12.,0,1,office:core:2; medical:core:2; school:core:2; industrial:core:2; gmp:core:2,,,
P018,"16x16 Microfiber Cloth, Red (Qty 12)",KL-770505,New Building Items,Supplier Order,Brady,8.60,35%,13.23,,,,https://assets-e518d5c0cd.cdn.insitecloud.net/a327fe7b1aa5d6b_md.jpg,Reusable 16x16 microfiber cloths. Hold 7x their weight in liquid. Red for restroom coding to prevent cross-contamination. Pack of 12.,0,1,office:core:2; medical:core:2; school:core:2; industrial:core:2; gmp:core:2,,,
P019,"16x16 Microfiber Cloth, Green (Qty 12)",KL-770401,New Building Items,Supplier Order,Brady,8.59,35%,13.22,,,,https://assets-e518d5c0cd.cdn.insitecloud.net/4bf3d4655fa5b4e_md.jpg,Reusable 16x16 microfiber cloths. Hold 7x their weight in liquid. Green for task coding to prevent cross-contamination. Pack of 12.,0,1,office:core:2; medical:core:2; school:core:2; industrial:core:2; gmp:core:2,,,
P020,"16x16 Microfiber Cloth, Blue (Qty 12)",KL-770400,New Building Items,Supplier Order,Brady,7.91,35%,12.17,,,,https://assets-e518d5c0cd.cdn.insitecloud.net/af5e03a4f8f548c_md.jpg,Reusable 16x16 microfiber cloths. Hold 7x their weight in liquid. Blue for task coding to prevent cross-contamination. Pack of 12.,0,1,office:core:1; medical:core:1; school:core:1; industrial:core:1; cleanroom:core:1; gmp:core:1,,,
P021,"Disposable Duster Sleeve, White (Qty 50)",AI9004,New Building Items,Supplier Order,Brady,37.49,35%,57.68,,,,https://d3gygecnvdjq5h.cloudfront.net/userfiles/products/images/websites/b2bseller/customer/braind/images/items/55-8211.jpg,"Disposable microfiber sleeves for Pro Duster and Lambswool dusters. Trap dust, then toss. Pack of 50.",0,1,,,,
P022,"Lambswool Duster w/ Extendable Handle 30-42""",AI0029,New Building Items,Supplier Order,Brady,5.71,35%,8.78,,,,https://d3gygecnvdjq5h.cloudfront.net/userfiles/products/images/websites/b2bseller/customer/braind/images/items/ai0029.jpg,"Extendable duster for vents, fixtures, and molding. Telescopes 30 to 42 inches. Real lambswool traps dust electrostatically.",0,1,office:core:1; school:core:1; gmp:opt:1,,,
P023,Complete Window Cleaning Kit w/ Extension Pole,2510,New Building Items; Window Cleaning,Supplier Order,Brady,109.39,35%,168.29,,,,https://d3gygecnvdjq5h.cloudfront.net/userfiles/products/images/websites/b2bseller/customer/braind/images/items/2510.jpg,"Professional starter kit: 8-foot pole, three squeegee sizes, microfiber sleeve and T-bar, scraper, and replacement rubber.",0,1,office:opt:1; industrial:opt:1,,,
P024,"Wet Floor Sign, English/Spanish",KL-790981,New Building Items,Supplier Order,Brady,10.24,35%,15.75,,,,https://assets-e518d5c0cd.cdn.insitecloud.net/fe0af37e108fb04_md.jpg,"Folding bilingual caution sign in bright yellow. One-hand open and close, folds flat, integrated carry handle.",0,1,office:core:2; medical:core:2; school:core:2; industrial:core:2; gmp:core:2,,,
P025,"Nitrile Exam Gloves, Blue (Box of 100)",INDBLN4LG,New Building Items,Supplier Order,Brady,6.84,35%,10.52,,"Small,Medium,Large",,https://assets-e518d5c0cd.cdn.insitecloud.net/54f7f63f4312e74_md.jpg,"Powder-free 4-mil nitrile gloves. Latex-free, textured fingertips, touchscreen compatible. Box of 100.",0,1,office:core:2; medical:core:2; school:core:2; industrial:core:2; cleanroom:core:2; gmp:core:2,,,
P026,"Safety Glasses, Clear Lens/Black Frame",SD9105,New Building Items,Supplier Order,Brady,1.58,35%,2.43,,,,https://d3gygecnvdjq5h.cloudfront.net/userfiles/products/images/websites/b2bseller/customer/braind/images/items/sd9105.jpg,Wraparound safety glasses with scratch-resistant polycarbonate lenses and 99.9% UV protection.,0,1,industrial:core:2; cleanroom:core:1; gmp:core:2; office:opt:1,,,
P027,TruShot 2.0 Trigger Dispenser,311981,New Building Items; Cleaning Tools; TruShot,Supplier Order,Brady,,,24.99,,,,https://www.scjp.com/sites/default/files/styles/product/public/2020-10/TruShot_trigger-800x800.png,Reusable trigger sprayer for the TruShot cartridge system. Built-in 10oz reservoir auto-dilutes as you spray. One dispenser replaces dozens of bottles.,0,1,,,,
P028,TruShot 2.0 Restroom Cleaner Cartridge (Qty 4),379844,New Building Items; Chemicals; TruShot,Supplier Order,Brady,30.95,35%,47.62,,,,https://assets-e518d5c0cd.cdn.insitecloud.net/306abd80b2be034_md.jpg,"Concentrated restroom cleaner cartridges. Each 9oz cartridge makes 16 ready-to-use quarts. Removes soap scum, hard water, and limescale.",0,1,,,,
P029,TruShot 2.0 Hospital Cleaner/Disinfectant Cartridge (Qty 4),379848,New Building Items; Chemicals; TruShot,Supplier Order,Brady,52.73,35%,81.12,,,,https://assets-e518d5c0cd.cdn.insitecloud.net/301cbe3363d93f7_md.jpg,"Hospital-grade one-step cleaner and disinfectant cartridges. Kills bacteria, viruses, and fungi on all hard surfaces.",0,1,,,,
P030,TruShot 2.0 Power Cleaner/Degreaser Cartridge (Qty 4),379842,New Building Items; Chemicals; TruShot,Supplier Order,Brady,44.68,35%,68.74,,,,https://assets-e518d5c0cd.cdn.insitecloud.net/b9c14539916672f_md.jpg,"Heavy-duty degreaser cartridges for kitchens and high-grease areas. Cuts grease, oils, adhesives, and grime.",0,1,,,,
P031,TruShot 2.0 Glass/Multi-Surface Cleaner Cartridge (Qty 4),379846,New Building Items; Chemicals; TruShot,Supplier Order,Brady,35.60,35%,54.77,,,,https://assets-e518d5c0cd.cdn.insitecloud.net/bbfce0908271fc3_md.jpg,"Glass and all-purpose cartridges. Each 9oz cartridge makes up to 38 quarts. Streak-free on glass, mirrors, and counters.",0,1,,,,
P032,"Master Dispenser Key Set, 27 Keys on Ring",DKMSTRSET-1,New Building Items; Cleaning Tools,Supplier Order,Dispenser Keys,39.95,35%,61.46,,,,https://cdn11.bigcommerce.com/s-3o09zq/images/stencil/608x608/products/362/922/IMG_0163_1__15292.1730902098.jpg?c=2,"Opens 27 dispenser types from Georgia Pacific, Kimberly Clark, Bobrick, San Jamar, and more. One ring for every building.",0,1,office:core:1; medical:core:1; school:core:1; gmp:opt:1,,,
P033,Carpet Prespray & Spotter RTU 32oz,CD2012,New Building Items; Chemicals,Supplier Order,Brady,2.88,35%,4.43,,,,https://d3gygecnvdjq5h.cloudfront.net/userfiles/products/images/websites/b2bseller/customer/braind/images/items/cd2012.jpg,Ready-to-use carpet spot remover and traffic lane pretreatment. Spray on stains before extracting or shampooing.,0,1,office:core:1; school:core:1; medical:opt:1,,,
P034,Stainless Steel Cleaner RTU 32oz,CO9100,New Building Items; Chemicals; Octapharma,Supplier Order,Brady,3.70,35%,5.69,,,,https://d3gygecnvdjq5h.cloudfront.net/userfiles/products/images/websites/b2bseller/customer/braind/images/items/co9100.jpg,"Water-based stainless cleaner and protectant. No oily residue. For appliances, elevators, railings, and kitchen equipment.",0,1,medical:core:1; office:opt:1,,,
P035,Gum Remover Aerosol 6.5oz,KL-AEROGUMRMVR,New Building Items; Chemicals,Supplier Order,Brady,5.87,35%,9.03,,,,https://assets-e518d5c0cd.cdn.insitecloud.net/70551044e9f0273_md.jpg,"Freezes gum, wax, and sticky residue to -40F for easy removal from carpet, upholstery, and flooring.",0,1,school:opt:1; office:opt:1,,,
P036,Impact Bucketless Microfiber Mop,IMP-T0022-00,New Building Items; Cleaning Tools; Mopping,Supplier Order,Brady,60.49,35%,93.06,,,,https://encrypted-tbn0.gstatic.com/images?q=tbn:ANd9GcQ2aFa651VJA2WEgvtqDK94u7pV6wl7NsmHNyGrMq_NrA&s=10,"Complete bucketless mop with built-in 32oz solution bottle, 16-inch hook-and-loop frame, and 54-inch swivel handle.",0,1,office:opt:1,,,
P037,GoFit 6 Backpack Vacuum w/ Telescoping Wand Kit,PT107696,New Building Items; Vacuums; Equipment,Supplier Order,Brady,387.43,35%,596.05,,,,https://assets-e518d5c0cd.cdn.insitecloud.net/8a29aed76dd5455_md.jpg,Corded 6qt backpack with HEPA filtration and all-day harness. Xover tool works on carpet and hard floors. 50-foot cord.,0,1,office:opt:1,,,
P038,"Janitor Cart Complete Kit, 3 Shelf w/ Yellow & Black Bags & Lid",MG0074,New Building Items; Cleaning Tools; Carts & Dollies,Supplier Order,Brady,182.28,35%,280.43,,,,https://assets-e518d5c0cd.cdn.insitecloud.net/MG0074_01_md.png,"Three-shelf cart kit with two 25-gallon bags (yellow, and black zippered with lid), mop and broom holders, and heavy-duty wheels.",0,1,office:core:1; medical:core:1; school:core:1; gmp:core:1,,,
P039,Dust Mop Treatment Spray 32oz,IDMD2012,Chemicals; Sweeping & Dust Mopping,Supplier Order,Brady,3.29,35%,5.06,,,,https://www.jotform.com/uploads/tjroberts/form_files/dust_mop_treatment_bf6932c973e785443ce1054315e95b17.jpg,Ready-to-use spray that makes dust stick to your mop instead of resettling. Protects floor finish from grit scratches.,0,1,industrial:core:1; school:opt:1,,,
P040,"Consume Enzyme Cleaner & Drain Maintainer, 1 Gallon",CC2001,Chemicals,Supplier Order,Brady,13.30,35%,20.46,,,,https://www.spartanchemical.com/globalassets/sharepoint/media-assets---all-pictures/product-photography/detail/309704_Consume.jpg,"Bacteria and enzyme cleaner that digests organic waste. Cleans floors and concrete, eliminates odors, and keeps drains clear.",0,1,industrial:core:1; gmp:core:1; office:opt:1,,,
P041,"Fantastico All Purpose Cleaner, Lavender, 1 Gallon",IDKL-CHAP15,Chemicals; Floor Cleaners,Supplier Order,Brady,9.75,35%,15.00,,,,https://assets-e518d5c0cd.cdn.insitecloud.net/6da6f33ee405ca8_md.jpg,"Super concentrate that makes 128 gallons of ready-to-use solution. Works on nearly any washable surface. No rinsing, no streaks.",0,1,office:core:1; school:core:1; industrial:core:1; gmp:core:1,,,
P042,Oven & Grill Cleaner 32oz,IDKL-CHFS2,Chemicals; Kitchens (Sands),Supplier Order,Brady,4.39,35%,6.75,,,,https://assets-e518d5c0cd.cdn.insitecloud.net/d7803c6a805a550_md.jpg,"Heavy-duty, non-fuming cleaner for commercial ovens, grills, and flat tops. Works on warm or cold surfaces.",0,1,industrial:opt:1; gmp:core:1,,,
P043,"Sani-Tyze Food Contact Sanitizer, 1 Quart",CM8305,Chemicals; Kitchens (Sands),Supplier Order,Brady,2.94,35%,4.52,,,,https://d3gygecnvdjq5h.cloudfront.net/userfiles/products/images/websites/b2bseller/customer/braind/images/items/cm8305.jpg,"Ready-to-use quat sanitizer safe for food-contact surfaces. Spray and wipe cutting boards, counters, and prep stations.",0,1,gmp:core:2; school:core:1; industrial:opt:1,,,
P044,"BioRenewables Glass Cleaner Concentrate, 2 Liter",CK4835,Octapharma,Supplier Order,Brady,62.48,35%,96.12,,,,https://d3gygecnvdjq5h.cloudfront.net/userfiles/products/images/websites/b2bseller/customer/braind/images/items/ck4835.jpg,Clean On The Go concentrate. Each 2-liter bottle makes 33 gallons of streak-free glass cleaner. Green Seal certified.,0,1,office:opt:1; school:opt:1,,,
P045,"Clean by Peroxy All Purpose Concentrate, 2 Liter (Qty 4)",CK3000,Octapharma,Supplier Order,Brady,80.36,35%,123.63,,,,https://d3gygecnvdjq5h.cloudfront.net/userfiles/products/images/websites/b2bseller/customer/braind/images/items/ck3000.jpg,"Peroxide-based concentrate for glass, floors, walls, carpet, restrooms, and tile. Each bottle makes 33 gallons. Green Seal certified.",0,1,,,,
P046,"Xcelente Multi-Purpose Concentrate, 2 Liter (Qty 4)",CK8004,Octapharma,Supplier Order,Brady,42.07,35%,64.72,,,,https://d3gygecnvdjq5h.cloudfront.net/userfiles/products/images/websites/b2bseller/customer/braind/images/items/ck8004.jpg,"Lavender-scent concentrate that makes 85 to 512 gallons per bottle. Streak-free shine on floors, walls, and counters.",0,1,,,,
P047,Crew Non-Acid Bathroom Disinfectant Cleaner 32oz,CF9200,Chemicals,Supplier Order,Brady,2.23,35%,3.43,,,,https://d3gygecnvdjq5h.cloudfront.net/userfiles/products/images/websites/b2bseller/customer/braind/images/items/cf9200.jpg,"One-step non-acid disinfectant for bowls, urinals, sinks, and counters. Safe for daily use, septic-safe, EPA registered.",0,1,office:core:1; school:core:1,,,
P048,"BRUTE Rim Caddy, Yellow",RB2350,Cleaning Tools,Supplier Order,Brady,51.20,35%,78.77,,,,https://assets-e518d5c0cd.cdn.insitecloud.net/6ad133ba6098d22_md.jpg,"Snaps onto a 44-gallon BRUTE rim and turns it into a mobile cleaning cart. Holds bottles, signs, bags, and gloves.",0,1,industrial:opt:1,,,
P049,"BRUTE 44 Gallon Trash Container, Gray",RA0044,Cleaning Tools,Supplier Order,Brady,47.80,35%,73.54,,,,https://assets-e518d5c0cd.cdn.insitecloud.net/dacc7f718f9bee7_md.jpg,44-gallon commercial can with venting channels and bag clips. NSF certified for food service. Lid sold separately.,0,1,,,,
P050,"BRUTE Caddy Bag, Yellow",RB0023,Cleaning Tools,Supplier Order,Brady,33.03,35%,50.82,,,,https://assets-e518d5c0cd.cdn.insitecloud.net/65b0bf4d655ee87_md.jpg,12-pocket vinyl bag that snaps onto any 32 or 44-gallon BRUTE rim. Carries your supplies with the can.,0,1,industrial:opt:1,,,
P051,Janitor Cart with 25 Gallon Bag,KL-500900,Cleaning Tools; Carts & Dollies,Supplier Order,Brady,165.08,35%,253.97,,,,https://assets-e518d5c0cd.cdn.insitecloud.net/91f2dc967779e5b_md.jpg,"Three-shelf cart with 25-gallon zippered bag, mop and broom holders, foldable handle, and smooth-rolling wheels.",0,1,office:opt:1; industrial:opt:1,,,
P052,"Bobrick Universal Dispenser Key, CAT 74",PT0064,Cleaning Tools,Supplier Order,Brady,1.18,35%,1.82,,,,https://d3gygecnvdjq5h.cloudfront.net/userfiles/products/images/websites/b2bseller/customer/braind/images/items/pt0064.jpg,"Universal replacement key for most Bobrick towel, tissue, soap, and seat cover dispensers with standard tumbler locks.",0,1,office:opt:1,,,
P053,"Commercial Mop Bucket & Side Press Wringer, 35 Quart Yellow",KL-660901,Cleaning Tools; Mopping,Supplier Order,Brady,88.21,35%,135.71,,,,https://assets-e518d5c0cd.cdn.insitecloud.net/d5064e6d9ffcaed_md.jpg,35-quart rectangular mop bucket with easy side-press wringer on smooth-rolling casters.,0,0,,,,
P054,"12"" Extra-Wide Lint Roller w/ Extendable Handle (Qty 4)",1279004,Cleaning Tools,Supplier Order,WebstaurantStore,72.49,35%,111.52,,,,https://cdnimg.webstaurantstore.com/images/products/large/777957/2643758.jpg,12-inch wide lint rollers cover 3x more area than handheld rollers. Extendable handle. Pack of 4.,0,1,,,,
P055,Unger SpeedClean Indoor Window Cleaning Kit,WE3001,Cleaning Tools; Window Cleaning,Supplier Order,Brady,127.74,35%,196.52,,,,https://d3gygecnvdjq5h.cloudfront.net/userfiles/products/images/websites/b2bseller/customer/braind/images/items/we3001.jpg,"Complete drip-free indoor window system. Spray the pad, wipe the glass, and it dries streak-free.",0,1,office:core:1; school:opt:1,,,
P056,"BRUTE Cleaning Caddy for 44-Gallon Containers, Gray",RB2649,Cleaning Tools,Supplier Order,Brady,28.56,35%,43.94,,,,https://assets-e518d5c0cd.cdn.insitecloud.net/RB2649_01_md.png,Heavy-duty caddy that clips onto BRUTE 44-gallon cans and turns your rolling trash can into a cleaning station.,0,1,industrial:opt:1,,,
P057,"48"" Commercial Cotton Dust Mop w/ Wooden Handle",TIDY-TOOLS-48,Cleaning Tools; Mopping; Sweeping & Dust Mopping,Supplier Order,Amazon,53.99,35%,83.06,,,,https://m.media-amazon.com/images/I/61WCDc+5S5L._AC_SL1500_.jpg,48-inch wide cotton dust mop covers far more ground than a broom and traps dust instead of scattering it.,0,1,industrial:core:1; school:opt:1,,,
P058,"Unger 4"" Light Duty Floor Scraper w/ 48"" Handle",WD0225,Cleaning Tools,Supplier Order,Brady,27.07,35%,41.65,,,,https://d3gygecnvdjq5h.cloudfront.net/userfiles/products/images/websites/b2bseller/customer/braind/images/items/wd0225.jpg,4-foot handled scraper lets you remove stickers and stuck-on grime standing up instead of on your knees.,0,1,industrial:opt:1,,,
P059,"Wall & Baseboard Cleaning Mop w/ 82"" Telescoping Handle & 6 Pads",B0C8M7RQ5R,Cleaning Tools,Supplier Order,Amazon,24.98,35%,38.43,,,,https://m.media-amazon.com/images/I/713hWGm1q8L._AC_SX679_.jpg,Telescoping wall and baseboard mop adjusts from 37 to 82 inches. Includes 6 washable pads.,0,1,,,,
P060,"WaveBrake 35 Qt Dual Chamber Mop Bucket, Side Press, Yellow",MA0100,Cleaning Tools; Mopping,Supplier Order,Brady,92.82,35%,142.80,,,,https://d3gygecnvdjq5h.cloudfront.net/userfiles/products/images/websites/b2bseller/customer/braind/images/items/ma0100.jpg,Professional 35-quart mop bucket system with WaveBrake anti-splash technology and side-press wringer.,0,1,office:core:1; school:core:1; industrial:core:1; gmp:core:1; medical:opt:1,,,
P061,Corded 6qt Backpack Vacuum w/ HEPA & 8-Piece Tool Kit,457LAVBP6QT,Cleaning Tools; Vacuums,Supplier Order,WebstaurantStore,242.49,35%,373.06,,,,https://cdnimg.webstaurantstore.com/images/products/large/394720/2568961.jpg,Corded 6-quart backpack vacuum with HEPA filtration and a complete 8-piece tool kit.,0,0,,,,
P062,"Corded 12"" Upright Vacuum w/ Shake Out Bag, 18qt",EJ0679,Cleaning Tools; Vacuums,Supplier Order,Brady,150.13,35%,230.97,,,,https://d3gygecnvdjq5h.cloudfront.net/userfiles/products/images/websites/b2bseller/customer/braind/images/items/ej0679.jpg,Commercial upright with a reusable 18-quart shake-out bag. No disposable bags to buy.,0,1,office:opt:1; school:opt:1,,,
P063,"1/2 Cubic Yard Tilt Truck Dump Cart, 750 lb Capacity",FG130400BLA,Equipment; Carts & Dollies,Supplier Order,Brady,484.10,35%,744.77,,,,https://assets-e518d5c0cd.cdn.insitecloud.net/FG130400BLA_01_md.png,"Commercial tilt truck holds half a cubic yard and 750 lbs, yet is only 24 inches wide so it fits through standard doors.",0,1,,,,
P064,Square Scrub 4x10 Doodle Scrub Floor Prep Machine,EN9100,Equipment; Floor Machines,Supplier Order,Brady,1253.66,35%,1928.71,,,,https://assets-e518d5c0cd.cdn.insitecloud.net/67d9f15f812681b_md.png,"Corded compact floor scrubber for spaces full-size machines cannot reach: behind toilets, under counters, and corners.",0,1,,,,
P065,"Square Scrub 20"" Pivot Floor Preparation Machine",EF1002,Equipment; Floor Machines,Supplier Order,Brady,4159.58,35%,6399.35,,,,https://d3gygecnvdjq5h.cloudfront.net/userfiles/products/images/websites/b2bseller/customer/braind/images/items/ebg20c.jpg,Corded 14x20 orbital floor machine with a pivoting head that follows uneven floors automatically.,0,1,,,,
P066,"Bissell 9"" Corded Walk-Behind Floor Scrubber & Polisher",BGFS650,Equipment; Floor Machines,Supplier Order,WebstaurantStore,144.95,35%,223.00,,,,https://cdnimg.webstaurantstore.com/images/products/large/643016/2247708.jpg,Lightweight 8 lb scrubber and polisher in one machine. Easy to carry between buildings.,0,1,,,,
P067,"39"" Manual Push Floor Sweeper w/ Triple Brooms, 14.5 Gal",BC39S,Equipment; Floor Machines,Supplier Order,Crystal Floor Scrubber,399.00,35%,613.85,,,,https://static.wixstatic.com/media/87a20c_77dfdd00841d4ed1a9f4c543573954b2~mv2.png,"Manual push sweeper with a 39-inch path sweeps up to 39,000 sq ft per hour. No power needed.",0,1,industrial:opt:1,,,
P068,"Rubbermaid Adaptable Flat Mop Kit for WaveBrake, 18""",2132426,Mopping,Supplier Order,Brady,55.52,35%,85.42,,,,https://d3gygecnvdjq5h.cloudfront.net/userfiles/products/images/websites/b2bseller/customer/braind/images/items/2132426.jpg,Complete 18-inch microfiber flat mop system that works with your existing WaveBrake bucket.,0,1,office:opt:1; school:opt:1; industrial:opt:1; gmp:opt:1,,,
P069,"Sanitaire Transport Cordless Backpack Vacuum, 4 Qt HEPA",SC580A,Vacuums,Supplier Order,Brady,794.75,35%,1222.69,,,,https://assets-e518d5c0cd.cdn.insitecloud.net/b2f7e6e5090673f_md.jpg,Cordless backpack under 15 lbs that vacuums 89% faster than pushing an upright around offices. HEPA filtration.,0,1,medical:core:1; school:core:1; office:opt:1,,,
P070,Mosquito Carbon-Lite 6 Qt Corded Backpack Vacuum w/ HEPA,93016,Vacuums,Supplier Order,Brady,686.67,35%,1056.42,,,,https://assets-e518d5c0cd.cdn.insitecloud.net/93016_md.jpg,At 9.6 lbs this backpack is 22% lighter than most yet 42% more powerful. Includes HEPA filtration and tool kit.,0,1,,,,
P071,"Kitsure 45.5"" Collapsible Utility Wagon Cart, 440 lb",B0F9YP68HJ,Carts & Dollies,Supplier Order,Amazon,79.99,35%,123.06,,,,https://m.media-amazon.com/images/I/71+8Uj70M9L._AC_SL1500_.jpg,Heavy-duty collapsible wagon holds 440 lbs and folds flat with one pull. Great for hauling supplies across large properties.,0,1,,,,
P072,"VIVOHOME Heavy-Duty Steel Mesh Garden Cart, 880 lb",B085TDSJTK,Carts & Dollies,Supplier Order,Amazon,119.99,35%,184.60,,,,https://m.media-amazon.com/images/I/81ib6j79B6L._AC_SX679_.jpg,Steel mesh utility cart holds 880 lbs on 10-inch wheels. Sides fold down for oversized loads.,0,1,,,,
P073,"16"" Battery Powered Walk-Behind Floor Scrubber Kit",C16,Floor Machines,Supplier Order,Crystal Floor Scrubber,1897.00,35%,2918.46,,,,https://static.wixstatic.com/media/87a20c_0873a0a0d67e4930b31ddb736b88c81e~mv2.png,"Cordless walk-behind scrubber that scrubs and vacuums in one pass, replacing traditional mopping.",0,1,,,,
P074,"21"" Self-Propelled Cordless Floor Scrubber Kit",POWER21SP,Floor Machines,Supplier Order,Crystal Floor Scrubber,2897.00,35%,4456.92,,,,https://static.wixstatic.com/media/f151f8_b42480901ad440b585a8f820eec62ae7~mv2.png,Cordless self-propelled scrubber with traction drive that moves itself forward and backward.,0,1,,,,
P075,Cordless Ride-On Floor Scrubber Complete Kit,CR21,Floor Machines,Supplier Order,Crystal Floor Scrubber,3197.00,35%,4918.46,,,,https://static.wixstatic.com/media/87a20c_2b1cb62d09e84bdea8bdfec01042f07d~mv2.png,Ride-on scrubber with seat and pedal operation. Drive it like a car instead of walking behind a machine.,0,1,,,,
P076,"40"" Cordless Ride-On Vacuum Floor Sweeper Kit",VACSWEEP40,Floor Machines; Sweeping & Dust Mopping,Supplier Order,Crystal Floor Scrubber,4397.00,35%,6764.62,,,,https://static.wixstatic.com/media/f151f8_bac2fbcfb9334905a40bdba979a7eac1~mv2.jpg,"Ride-on vacuum sweeper with a 40-inch cleaning width. Sweeps, vacuums, and collects debris in one pass.",0,1,,,,
P077,"Gator Stripping Boots, Large (8.5-9.5) w/ 2 Replacement Soles",KIT-SB-LG,PPE,Supplier Order,Brady,88.77,35%,136.57,,,,https://d3gygecnvdjq5h.cloudfront.net/userfiles/products/images/websites/b2bseller/customer/braind/images/items/sd0079.jpg,Waterproof overshoes for floor stripping jobs. Slip over regular shoes to keep feet dry and grip slick floors.,0,1,industrial:opt:1,,,
P078,"Hirsh Iron Horse Heavy-Duty 4-Shelf Storage Rack, 2300 lb",B01LQUVDGM,Storage,Supplier Order,Amazon,98.01,35%,150.78,,,,https://m.media-amazon.com/images/I/513tmEAeurL._AC_SX679_.jpg,"Boltless steel shelving holds 575 lbs per shelf, 2,300 lbs total. 36W x 18D x 60H.",0,1,,,,
P079,"Iris USA 4-Tier Heavy-Duty Plastic Shelving, 600 lb, Black",510023,Storage,Supplier Order,Amazon,82.99,35%,127.68,,,,https://m.media-amazon.com/images/I/61VG1-cx35L._AC_SL1500_.jpg,"Plastic shelving holds 150 lbs per shelf, 600 lbs total. Will not rust in janitor closets. 36W x 18D x 56H.",0,1,,,,
P080,20 Foot High Reach Dusting Kit w/ 5-12 Foot Extension Pole,B07X7D5SSF,High Dusting,Supplier Order,Amazon,27.99,35%,43.06,,,,https://m.media-amazon.com/images/I/71J6myyKbHL._AC_SX679_.jpg,"High reach kit with aluminum extension pole, cobweb duster, and microfiber feather duster. Reaches about 20 feet.",0,1,office:opt:1; industrial:opt:1; school:opt:1,,,
P081,EXTEND-A-REACH 36-Foot High Reach Cleaning Kit,HADK2,High Dusting,Supplier Order,Brady,182.48,35%,280.74,,,,https://assets-e518d5c0cd.cdn.insitecloud.net/73e06b5663998af_md.jpg,Professional kit reaches 36+ feet with a heavy-duty 5-30 foot telescoping pole and 4 attachments.,0,1,,,,
P082,Replacement Name Badge & Lanyard,UNI-BADGE,Uniforms,Warehouse,Bennett,7.50,35%,11.54,,,,https://citywide.bennettuniform.com/pub/media/catalog/product/cache/9323ec0560e662bc9841b2d71b3b8c4b/c/w/cwnb01-01.jpg,Replacement City Wide name badge with lanyard. Put the crew member's name in the order notes.,1,0,,,,CWNB
P083,"Unisex Vest, Red w/ Monogram",UNI-VEST,Uniforms,Warehouse,Bennett,17.00,35%,26.15,7,"S,M,L,XL,2XL",2XL=29.23,https://citywide.bennettuniform.com/pub/media/catalog/product/cache/9323ec0560e662bc9841b2d71b3b8c4b/c/w/cwmv-model.jpg,"No-pocket, no-button unisex vest in red with left chest monogram.",1,1,,Red,Independent Contractor,CWMV
P084,Class 2 High-Visibility Vest,UNI-HIVIS,Uniforms,Special Order,Bennett,9.99,35%,15.37,,"M,L,XL,2XL,3XL,4XL,5XL",3XL=18.45|4XL=21.52|5XL=24.60,https://citywide.bennettuniform.com/pub/media/catalog/product/cache/9323ec0560e662bc9841b2d71b3b8c4b/c/w/cws362-back.jpg,"ERB S363P ANSI Type R Class 2 safety vest. Polyester mesh, reflective trim, three pockets, zipper front.",0,1,,Safety Yellow,Independent Contractor,CWS362
P085,Under Armour Cap,UNI-CAP,Uniforms,Special Order,Bennett,20.00,35%,30.77,,,,https://citywide.bennettuniform.com/pub/media/catalog/product/cache/9323ec0560e662bc9841b2d71b3b8c4b/c/w/cw136978525_front.jpg,"Under Armour performance cap. Adjustable fit, moisture-wicking. Bennett-supplied.",0,0,,,,CW1369785
P086,Unisex Cobbler Apron,UNI-APRON,Uniforms,Warehouse,Bennett,14.00,35%,21.54,9,"OSFM,XL",XL=23.08,https://citywide.bennettuniform.com/pub/media/catalog/product/cache/9323ec0560e662bc9841b2d71b3b8c4b/c/w/cwf12ic10.png,Stain-release cobbler apron with center-divided pouch pocket and adjustable side ties.,1,1,,Red|Black,Independent Contractor,CWF12
P087,Unisex Dri-Fit T-Shirt,UNI-DRIFIT-T,Uniforms,Special Order,Bennett,6.99,35%,10.75,,"S,M,L,XL,2XL,3XL,4XL,5XL",2XL=12.29|3XL=15.37|4XL=18.45|5XL=21.52,https://citywide.bennettuniform.com/pub/media/catalog/product/cache/9323ec0560e662bc9841b2d71b3b8c4b/c/w/cwpc380-front.jpg,"UPF 50 moisture-wicking tee. 3.8oz 100% polyester, tag-free.",0,1,,Black|Red,Independent Contractor,CWPC380
P088,"Men's Silk Touch Polo, Black",UNI-POLO-M-BLK,Uniforms,Special Order,Bennett,18.99,35%,29.22,,"S,M,L,XL,2XL,3XL,4XL,5XL",2XL=30.75|3XL=33.83|4XL=36.91|5XL=36.91,https://citywide.bennettuniform.com/pub/media/catalog/product/cache/9323ec0560e662bc9841b2d71b3b8c4b/c/w/cwk500cw10_front.jpg,For owners and supervisors. Classic 5oz poly/cotton pique polo with 3-button placket.,0,1,,Black,Independent Contractor,CWK500
P089,"Men's Silk Touch Polo, Red",UNI-POLO-M-RED,Uniforms,Special Order,Bennett,18.99,35%,29.22,,"S,M,L,XL,2XL,3XL,4XL,5XL",2XL=30.75|3XL=33.83|4XL=36.91|5XL=36.91,https://citywide.bennettuniform.com/pub/media/catalog/product/cache/9323ec0560e662bc9841b2d71b3b8c4b/c/w/cwk500cw10_front.jpg,For cleaning crew and day porters. Classic 5oz poly/cotton pique polo with 3-button placket.,0,1,,Red,Independent Contractor,CWK500
P090,Hanes EcoSmart Crewneck Sweatshirt,UNI-CREW-SWEAT,Uniforms,Special Order,Bennett,14.99,35%,23.06,,"S,M,L,XL,2XL,3XL,4XL,5XL",2XL=26.14|3XL=29.22|4XL=32.29|5XL=35.37,https://citywide.bennettuniform.com/pub/media/catalog/product/cache/9323ec0560e662bc9841b2d71b3b8c4b/c/w/cwp160cw10_front.jpg,Soft crewneck pullover made with a portion of recycled fibers.,0,1,,Red|Black,Independent Contractor,CWP160
P091,"Women's Silk Touch Polo, Black",UNI-POLO-W-BLK,Uniforms,Special Order,Bennett,18.99,35%,29.22,,"S,M,L,XL,2XL,3XL,4XL,5XL",2XL=30.75|3XL=33.83|4XL=36.91|5XL=36.91,https://citywide.bennettuniform.com/pub/media/catalog/product/cache/9323ec0560e662bc9841b2d71b3b8c4b/c/w/cwl500cw25_front.jpg,Classic 5oz poly/cotton pique polo with flat knit collar and cuffs.,0,1,,Black,Independent Contractor,CWL500
P092,Nike Dri-FIT Long Sleeve Polo,UNI-NIKE-LS,Uniforms,Special Order,Bennett,48.00,35%,73.85,,"S,M,L,XL,2XL,3XL,4XL",2XL=76.92|3XL=80.00|4XL=83.08,https://citywide.bennettuniform.com/pub/media/catalog/product/cache/9323ec0560e662bc9841b2d71b3b8c4b/c/w/cwnkdc2104-front_1.jpg,Nike Dri-FIT Micro Pique 2.0 long sleeve polo. Moisture-wicking performance fabric.,0,1,,Black|University Red,Independent Contractor,CWNKDC2104
P093,"Women's Silk Touch Polo, Red",UNI-POLO-W-RED,Uniforms,Special Order,Bennett,18.99,35%,29.22,,"S,M,L,XL,2XL,3XL,4XL,5XL",2XL=30.75|3XL=33.83|4XL=36.91|5XL=36.91,https://citywide.bennettuniform.com/pub/media/catalog/product/cache/9323ec0560e662bc9841b2d71b3b8c4b/c/w/cwl500cw25_front.jpg,For cleaning crew and day porters. Classic 5oz poly/cotton pique polo.,0,1,,Red,Independent Contractor,CWL500
P094,Men's Nike Dri-FIT Polo,UNI-NIKE-POLO-M,Uniforms,Special Order,Bennett,39.99,35%,61.52,,"S,M,L,XL,2XL,3XL,4XL",2XL=64.60|3XL=67.68|4XL=70.75,https://citywide.bennettuniform.com/pub/media/catalog/product/cache/9323ec0560e662bc9841b2d71b3b8c4b/c/w/cwnkdc1963cw25-front.jpg,Nike Dri-FIT polo built for hot weather.,0,1,,Black|Red,Independent Contractor,CWNKDC1963
P095,Women's Nike Dri-FIT Polo,UNI-NIKE-POLO-W,Uniforms,Special Order,Bennett,39.99,35%,61.52,,"S,M,L,XL,2XL",2XL=64.60,https://citywide.bennettuniform.com/pub/media/catalog/product/cache/9323ec0560e662bc9841b2d71b3b8c4b/c/w/cwnkdc1991cwa7_front_1.jpg,Nike Dri-FIT polo built for hot weather.,0,1,,Black|Red,Independent Contractor,CWNKDC1991
P096,Port & Company Core Fleece Full-Zip Hooded Sweatshirt,UNI-HOOD-ZIP,Uniforms,Special Order,Bennett,26.00,35%,40.00,,"S,M,L,XL,2XL,3XL,4XL",2XL=43.08|3XL=46.15|4XL=49.23,https://citywide.bennettuniform.com/pub/media/catalog/product/cache/9323ec0560e662bc9841b2d71b3b8c4b/c/w/cwpc78zh-front.jpg,Versatile full-zip hoodie in 50/50 cotton/poly fleece.,0,1,,Black|Red,Independent Contractor,CWPC78ZH
P097,Port & Company Core Fleece Pullover Hooded Sweatshirt,UNI-HOOD-PULL,Uniforms,Special Order,Bennett,20.00,35%,30.77,,"S,M,L,XL,2XL,3XL,4XL",2XL=33.85|3XL=36.92|4XL=40.00,https://citywide.bennettuniform.com/pub/media/catalog/product/cache/9323ec0560e662bc9841b2d71b3b8c4b/c/w/cwpc78hcw25_front.jpg,Cozy pullover hoodie in 50/50 cotton/poly fleece with air jet yarn for softness.,0,1,,Black|Red,Independent Contractor,CWPC78H
P098,Sport-Tek Ladies' Colorblock Hooded Raglan Jacket,UNI-JACKET-W,Uniforms,Special Order,Bennett,32.00,35%,49.23,,"S,M,L,XL,2XL,3XL,4XL",2XL=52.31|3XL=55.38|4XL=58.46,https://citywide.bennettuniform.com/pub/media/catalog/product/cache/9323ec0560e662bc9841b2d71b3b8c4b/c/w/cwlst7602_front.jpg,"Water-resistant wind jacket with mesh-lined hood, front slash pockets, and drawcord hem.",0,1,,Black,Independent Contractor,CWLST76
P099,Sport-Tek Men's Hooded Raglan Jacket,UNI-JACKET-M,Uniforms,Special Order,Bennett,34.00,35%,52.31,,"S,M,L,XL,2XL,3XL,4XL,5XL,6XL",2XL=55.38|3XL=58.46|4XL=61.54|5XL=64.62|6XL=67.69,https://citywide.bennettuniform.com/pub/media/catalog/product/cache/9323ec0560e662bc9841b2d71b3b8c4b/c/w/cwjst7325_front.jpg,"Water-resistant wind jacket with mesh-lined hood, front slash pockets, and drawcord hem.",0,1,,Black,Independent Contractor,CWJST73
P100,"Square Scrub Doodle Scrub Deluxe Kit, 4x10",SQSC-SS-EBG-9-DLX,Equipment; Floor Machines,Supplier Order,Brady,1716.12,35%,2640.18,,,,https://d3gygecnvdjq5h.cloudfront.net/userfiles/products/images/websites/b2bseller/customer/braind/images/items/sqsc-ss-ebg-9-dlx.jpg,"Compact orbital floor prep machine with deluxe accessory kit for stripping, scrubbing, and recoating hard floors. Reaches behind toilets, under counters, and into corners.",0,1,,,,
P101,"Microfiber Flat Mop Frame, 18 in Quick-Connect",MD9104,Medical Office; GMP Cleaning,Supplier Order,Brady,14.22,35%,21.88,,,,https://assets-e518d5c0cd.cdn.insitecloud.net/MD9104_01_md.png,Quick-connect microfiber flat mop frame for healthcare cleaning. Use a fresh pad per room to prevent cross-contamination.,0,1,office:core:2; medical:core:2; school:core:2; cleanroom:core:2; gmp:core:2; industrial:opt:2,,,
P102,"Microfiber Flat Mop Handle, 58 in Quick-Connect",MD3154,Medical Office; GMP Cleaning,Supplier Order,Brady,9.01,35%,13.86,,,,https://d3gygecnvdjq5h.cloudfront.net/userfiles/products/images/websites/b2bseller/customer/braind/images/items/md3154.jpg,Lightweight aluminum quick-connect handle for the microfiber flat mop frame.,0,1,office:core:2; medical:core:2; school:core:2; cleanroom:core:2; gmp:core:2; industrial:opt:2,,,
P103,"Blue Microfiber Wet Mop Pad, 18 in",MD2618,Medical Office; GMP Cleaning,Supplier Order,Brady,11.84,35%,18.22,,,,https://d3gygecnvdjq5h.cloudfront.net/userfiles/products/images/websites/b2bseller/customer/braind/images/items/md2618.jpg,"Launderable 18-inch blue microfiber wet pad. One pad per patient room, color-coded for low-risk areas.",0,1,office:core:12; medical:core:12; school:core:12; cleanroom:core:12; industrial:core:12; gmp:core:12,,,
P104,"Oxivir TB Disinfectant Cleaner RTU, 32 oz",CF4277,Clean Room; GMP Cleaning,Supplier Order,Brady,3.45,35%,5.31,,,,https://d3gygecnvdjq5h.cloudfront.net/userfiles/products/images/websites/b2bseller/customer/braind/images/items/cf4277.jpg,Hydrogen-peroxide one-step disinfectant cleaner. Fast contact time and low residue for cleanroom and medical surfaces.,0,1,medical:core:2; school:opt:1; gmp:opt:1,,,
P105,"Isopropyl Alcohol 70%, 1 Gallon",CT4800,Clean Room; GMP Cleaning,Supplier Order,Brady,25.99,35%,39.98,,,,https://assets-e518d5c0cd.cdn.insitecloud.net/f54c05b2711ffbd_md.jpg,70% isopropyl alcohol for cleanroom surface sanitizing and residue removal after disinfection.,0,1,cleanroom:core:2; medical:opt:1,,,
P106,Kimtech W4 Pre-Saturated Cleanroom Wipes,PR6070,Clean Room; GMP Cleaning,Supplier Order,Brady,92.68,35%,142.58,,,,https://d3gygecnvdjq5h.cloudfront.net/userfiles/products/images/websites/b2bseller/customer/braind/images/items/pr6070.jpg,"Low-lint pre-saturated wipes for controlled environments. Non-shedding, ideal for cleanroom surfaces and equipment.",0,1,cleanroom:core:2,,,
P107,"Cleanroom Tacky Floor Mat, 18x36, Blue",VT18364P30L-B,Clean Room; GMP Cleaning,Supplier Order,Brady,126.14,35%,194.06,,,,https://assets-e518d5c0cd.cdn.insitecloud.net/0e1fa49cffb5b08_md.jpg,Adhesive contamination-control mat for cleanroom entrances. Peel-off layered sheets capture dust and particles from foot and cart traffic.,0,1,cleanroom:core:2,,,
P108,"Telescopic Extension Pole, 8 ft (Wall & Ceiling)",WC0008,Clean Room,Supplier Order,Brady,46.91,35%,72.17,,,,https://d3gygecnvdjq5h.cloudfront.net/userfiles/products/images/websites/b2bseller/customer/braind/images/items/wc0008.jpg,Two-section telescopic pole. Pairs with the microfiber flat mop frame to disinfect cleanroom walls and ceilings from the floor.,0,1,office:opt:1; cleanroom:opt:1; gmp:opt:1,,,
P109,"Spartan Profect hdqC2 (HDQ) Disinfectant Cleaner, 2 Liter (Qty 4)",107002,Octapharma,Supplier Order,Brady,48.11,35%,74.02,,,,https://assets-e518d5c0cd.cdn.insitecloud.net/757f9f3ac3faace_md.jpg,Spartan hdqC2 (HDQ) neutral quat disinfectant cleaner. One-step clean and disinfect ordered for the Octapharma property. Each 2-liter Clean on the Go bottle dilutes on demand.,0,1,medical:opt:1,,,
P110,WaveBrake 18-Quart Dirty Water Bucket (Red Insert),MA9400,Cleaning Tools; Mopping,Supplier Order,Brady,20.69,35%,31.83,,,,https://assets-e518d5c0cd.cdn.insitecloud.net/MA9400_01_md.png,Red 18-quart dirty-water bucket that drops inside the WaveBrake 35-quart bucket to keep rinse water separate from clean mopping solution.,0,1,office:core:1; school:core:1; industrial:core:1; gmp:core:1; medical:opt:1,,,
P111,"Can Liners, 40x48, 45 Gallon, Black (150/case)",CW17713,New Building Items; Cleaning Tools,Supplier Order,Staples,34.60,35%,53.23,,,,https://assets-e518d5c0cd.cdn.insitecloud.net/23653b698d34e20_md.jpg,"Standard black high-density can liners, 40x48, fits 44-gallon BRUTE cans. 150 liners per case.",0,1,office:core:2; medical:core:2; school:core:3; industrial:core:3; gmp:core:3; cleanroom:core:1,,,
P112,"Roll Paper Towels, Hardwound, White (6/case)",PG2990,New Building Items; Restroom,Supplier Order,Brady,65.11,35%,100.17,,,,https://assets-e518d5c0cd.cdn.insitecloud.net/17829395d06139b_md.jpg,Hardwound roll paper towels for high-capacity restroom dispensers. 6 rolls per case.,0,0,,,,
P113,"Toilet Paper, 2-Ply Coreless (36 rolls/case)",PK1000,New Building Items; Restroom,Supplier Order,Brady,51.67,35%,79.49,,,,https://assets-e518d5c0cd.cdn.insitecloud.net/d03c1384c392de1_md.jpg,Coreless 2-ply toilet tissue. Less waste and more sheets per case. 36 rolls per case.,0,0,,,,
P114,"Foaming Hand Soap, 1250 mL (4/case)",CM9521,New Building Items; Restroom,Supplier Order,Brady,42.36,35%,65.17,,,,https://d3gygecnvdjq5h.cloudfront.net/userfiles/products/images/websites/b2bseller/customer/braind/images/items/cm9521.jpg,"Luxury foaming hand soap for restroom dispensers. 1250 mL refills, 4 per case.",0,0,,,,
P115,"24-inch Push Broom, Multi-Surface",AC9300,New Building Items; Sweeping & Dust Mopping,Supplier Order,Brady,22.74,35%,34.98,,,,https://d3gygecnvdjq5h.cloudfront.net/userfiles/products/images/websites/b2bseller/customer/braind/images/items/ac9300.jpg,"24-inch multi-surface push broom for lobbies, warehouses, and sidewalks. Fits a standard threaded broom handle.",0,1,office:core:1; school:core:1; industrial:core:1; gmp:core:1,,,
P116,Safety Yellow Dri-Fit T-Shirt,UNI-DRIFIT-SY,Uniforms,Special Order,Bennett,6.99,35%,10.75,,"S,M,L,XL,2XL,3XL,4XL,5XL",2XL=12.29|3XL=15.37|4XL=18.45|5XL=21.52,https://citywide.bennettuniform.com/pub/media/catalog/product/cache/9323ec0560e662bc9841b2d71b3b8c4b/c/w/cwpc380j7-front.jpg,High-visibility safety yellow Dri-FIT tee. Moisture-wicking; ideal for daytime outdoor work in the Las Vegas heat.,0,1,,Neon Yellow,Independent Contractor,CWPC380S
P117,Port Authority Outdoor Wide-Brim Hat,UNI-HAT-WB,Uniforms,Special Order,Bennett,22.00,35%,33.85,,"S/M,L/XL",,https://citywide.bennettuniform.com/pub/media/catalog/product/cache/9323ec0560e662bc9841b2d71b3b8c4b/c/w/cwc920k5.jpg,Wide-brim outdoor hat for full sun protection. Recommended for Las Vegas summer outdoor crews.,0,0,,,,CWC920
P118,Nike Tech Basic Dri-FIT Polo,UNI-NIKE-TECH,Uniforms,Special Order,Bennett,68.00,35%,104.62,,"S,M,L,XL,2XL,3XL,4XL",2XL=107.69|3XL=110.77|4XL=113.85,https://citywide.bennettuniform.com/pub/media/catalog/product/cache/9323ec0560e662bc9841b2d71b3b8c4b/2/0/203690-front_1.jpg,Premium Nike Tech Basic Dri-FIT polo. Upgraded option for owners and management.,0,1,,Black|Pro Red,Independent Contractor,CW203690
P119,Rubbermaid HYGEN Microfiber Charging Bucket w/ Press Wringer,MA1060,Medical Office,Supplier Order,Brady,83.88,35%,129.05,,,,https://assets-e518d5c0cd.cdn.insitecloud.net/MA1060_01_md.png,HYGEN microfiber flat-mop charging bucket with built-in press wringer. Pre-charges and wrings flat mop pads. Ideal for healthcare flat mopping.,0,1,medical:core:1; school:opt:1; gmp:opt:1,,,
P120,Premium Microfiber Charging Bucket w/ Wheels & Lid,MBU16GWT,Medical Office,Supplier Order,Brady,37.88,35%,58.28,,,,https://d3gygecnvdjq5h.cloudfront.net/userfiles/products/images/websites/b2bseller/customer/braind/images/items/mbu16gwt.jpg,Wheeled microfiber charging bucket with sealed lid to keep solution charged. Compact and mobile for medical office flat mopping.,0,1,school:core:1; medical:opt:1; gmp:opt:1,,,
P121,Lavex 6 Qt. Backpack Vacuum w/ HEPA & 8-Piece Tool Kit,457LAVBP6QT,Vacuums,Supplier Order,WebstaurantStore,242.49,35%,373.06,,,,https://cdnimg.webstaurantstore.com/images/products/medium/394720/2653220.jpg,Budget 6 qt commercial backpack vacuum with HEPA filtration and 8-piece tool kit. Lightweight and corded.,0,1,office:opt:1,,,
P122,Lavex 8 Qt. Backpack Vacuum w/ HEPA & 8-Piece Tool Kit (1400W),457LAVBP8QT,Vacuums,Supplier Order,WebstaurantStore,274.49,35%,422.29,,,,https://cdnimg.webstaurantstore.com/images/products/medium/725434/2638568.jpg,"Top-rated 8 qt, 1400W commercial backpack vacuum with HEPA filtration and 8-piece tool kit. Best budget pick.",0,1,office:opt:1,,,
P123,Lavex 10 Qt. Backpack Vacuum w/ HEPA & 8-Piece Tool Kit,457LAVBP10QT,Vacuums,Supplier Order,WebstaurantStore,292.99,35%,450.75,,,,https://cdnimg.webstaurantstore.com/images/products/medium/394835/3053986.jpg,Large 10 qt commercial backpack vacuum with HEPA filtration and 8-piece tool kit. Fewer empties on big jobs.,0,1,office:opt:1,,,
P124,Rubbermaid HYGEN PULSE Microfiber Mop Kit,MD1001,New Building Items; Mopping; Cleaning Tools,Supplier Order,Brady,137.28,35%,211.20,,,,https://assets-e518d5c0cd.cdn.insitecloud.net/MD1001_01_md.png,Executive Series HYGEN PULSE reservoir mop kit with on-demand solution dispensing. The upgraded replacement for the bucketless microfiber mop.,0,1,medical:opt:1; office:opt:1,,,
P125,"Avert Sporicidal Disinfectant, 32oz RTU",CF9306,GMP Cleaning,Supplier Order,Brady,9.58,35%,14.74,,,,https://d3gygecnvdjq5h.cloudfront.net/userfiles/products/images/websites/b2bseller/customer/braind/images/items/cf9306.jpg,EPA-registered sporicidal disinfectant that kills bacterial spores (incl. C. diff). The periodic sporicide step in a GMP disinfectant rotation. 32oz ready-to-use.,0,1,medical:core:1; cleanroom:opt:1; gmp:opt:1,,,
P126,"Avert Sporicidal Disinfectant Wipes, 160-count",100895790,GMP Cleaning,Supplier Order,Brady,16.86,35%,25.94,,,,https://d3gygecnvdjq5h.cloudfront.net/userfiles/products/images/websites/b2bseller/customer/braind/images/items/100895790.jpg,Pre-saturated sporicidal disinfectant wipes for GMP surface disinfection. Low-residue application; 160 wipes per tub.,0,1,medical:core:1,,,
P127,"Kling 9% HCl Thick Toilet Bowl Cleaner, 32oz (Qty 12)",CB9311,Chemicals; Restroom; New Building Items,Supplier Order,Brady,27.13,35%,41.74,,,,https://d3gygecnvdjq5h.cloudfront.net/userfiles/products/images/websites/b2bseller/customer/braind/images/items/cb9311.jpg,"Thickened 9% hydrochloric acid bowl and urinal cleaner. Clings to vertical surfaces for longer contact time, removing rust, scale, and hard water deposits. Mint wintergreen. Brady CB9311, MFG 0751200. Acid cleaner: never mix with bleach or other chemicals.",0,1,office:core:1; medical:core:1; school:core:1; industrial:opt:1; gmp:opt:1,,,
P128,"Stainless Steel Cleaner & Polish, Oil-Based Aerosol 15oz (Qty 12)",KL-AEROSSPOLISHOB,Chemicals; New Building Items,Supplier Order,Brady,61.46,35%,94.55,,,,https://assets-e518d5c0cd.cdn.insitecloud.net/98787d1dc8d3962_md.jpg,"One-step oil-based cleaner and polish for stainless steel. Cleans, polishes, and protects without scrubbing, leaves no oily residue, and resists fingerprints, grease, and water spotting. Brady KL-AEROSSPOLISHOB.",0,1,office:core:1; medical:opt:1; school:opt:1,,,
P129,ProTeam Super Coach Pro 6 Corded Backpack Vacuum w/ Xover Kit,PT-107310,Vacuums; Equipment; New Building Items,Supplier Order,Brady,395.38,35%,608.28,,,,https://assets-e518d5c0cd.cdn.insitecloud.net/f246e59724e6ddc_md.jpg,"6 quart corded backpack vacuum, 11.8 lb, 50 ft cord, four-level filtration with HEPA media, and a telescoping wand floor kit. Runs at 69.7 dBA, under the 70 dBA line most day-cleaning specs require. UL Listed and CRI Seal of Approval certified. The workhorse for after-hours routes.",0,1,office:core:1; industrial:core:1; gmp:core:1; school:opt:1,,,
P130,"Unger SmartColor Flat Mop Bucket & Wringer Combo, 15 Liter",COMSG,Mopping; Equipment; New Building Items,Supplier Order,Brady,82.35,35%,126.69,,,,https://d3gygecnvdjq5h.cloudfront.net/userfiles/products/images/websites/b2bseller/customer/braind/images/items/comsg.jpg,"Compact 15 liter bucket and wringer sized for flat mop pads. Lighter and easier to carry up stairs than a 35 quart combo, and the wringer is built for pads rather than string mops. Good second bucket for restrooms and small suites.",0,1,office:opt:1; medical:opt:1; school:opt:1; gmp:opt:1,,,
P131,"Desert Dust Sheets, 5"" x 30 ft Roll (60 Sheets)",59032W,Desert Dust Sheets; Sweeping & Dust Mopping; Cleaning Tools; High Dusting; New Building Items; Medical Office,Supplier Order,Staples,8.00,35%,12.31,,,,https://images.staplesadvantage.com/is/image/Staples/A97AE35E-E179-42CB-A0768C42ED1DA972_sc7?wid=600&hei=600,"3M Easy Trap sweep and dust sheets, 5 in. wide, perforated every 6 in. Tear off what you need, lay it under any flat dust mop or the Flip Holder, and sweep. Traps up to 8X more dirt, dust and sand than a fringed cotton dust mop and grabs hair, glitter and fine desert dust. Use both sides, then throw it away. No laundering. Best size for a 5 in. dust mop frame and hand dusting. Try this one first.",0,1,,,,2623423
P132,"Desert Dust Sheets, 8"" x 30 ft Roll (60 Sheets)",59152W,Desert Dust Sheets; Sweeping & Dust Mopping; Cleaning Tools; High Dusting; New Building Items; Medical Office,Supplier Order,Staples,12.51,35%,19.25,,,,https://images.staplesadvantage.com/is/image/Staples/sp72587387_sc7?wid=600&hei=600,"3M Easy Trap sweep and dust sheets, 8 in. wide, perforated every 6 in. The wider sheet for larger floor tools and high dusters. Traps up to 8X more dirt, dust and sand than a fringed cotton dust mop and grabs hair, glitter and fine desert dust. Use both sides, then throw it away. No laundering.",0,1,,,,2807679
P133,"Desert Dust Sheets, 5"" x 125 ft, 2 Rolls (500 Sheets)",55655W,Desert Dust Sheets; Sweeping & Dust Mopping; Cleaning Tools; High Dusting; New Building Items; Medical Office,Supplier Order,Staples,51.68,35%,79.51,,,,https://images.staplesadvantage.com/is/image/Staples/D9243669-7730-43BA-BED71FE2E83E2501_sc7?wid=600&hei=600,"3M Easy Trap sweep and dust sheets in bulk. Two 125 ft rolls, 5 in. wide, perforated every 6 in. Same sheet as the 60-count roll at a lower cost per sheet. Traps up to 8X more dirt, dust and sand than a fringed cotton dust mop. Use both sides, then throw it away. Made in America.",0,1,,,,850747
P134,"Desert Dust Sheets, 8"" x 125 ft Roll (250 Sheets)",55654W,Desert Dust Sheets; Sweeping & Dust Mopping; Cleaning Tools; High Dusting; New Building Items; Medical Office,Supplier Order,Staples,40.01,35%,61.55,,,,https://images.staplesadvantage.com/is/image/Staples/sp72587515_sc7?wid=600&hei=600,"3M Easy Trap sweep and dust sheets in bulk. One 125 ft roll, 8 in. wide, perforated every 6 in. The wider sheet for larger floor tools and high dusters at a lower cost per sheet. Traps up to 8X more dirt, dust and sand than a fringed cotton dust mop. Use both sides, then throw it away. Made in America.",0,1,,,,850748
P135,"Flip Holder for Desert Dust Sheets, 23""",59247,Desert Dust Sheets; Sweeping & Dust Mopping; Cleaning Tools,Supplier Order,Staples,120.91,35%,186.02,,,,https://images.staplesadvantage.com/is/image/Staples/s0524929_sc7?wid=600&hei=600,"3M Easy Trap Flip Holder, 23 in. wide. Clamps a dust sheet in place and flips over so you use both sides without bending down. Needs a standard threaded broom handle, sold separately below. Not required: the sheets also work laid under any flat dust mop you already have. Ships direct from the supplier, allow about a week.",0,1,,,,MMM59247
P136,"Threaded Handle for the Flip Holder, 60"" Fiberglass",CW61074CC,Desert Dust Sheets; Sweeping & Dust Mopping; Cleaning Tools,Supplier Order,Staples,11.26,35%,17.32,,,,https://images.staplesadvantage.com/is/image/Staples/3B01F054-C6A9-4AC3-AF4AEBBF5512110F_sc7?wid=600&hei=600,"Coastwide Professional 60 in. fiberglass handle with a standard threaded nylon tip. Screws straight into the Flip Holder. Lightweight, will not rust, and stands up to cleaning chemicals. Also fits standard push broom heads.",0,1,,,,24420001
